id,custom_label_0,custom_label_1
13,,mas vistos
15,,mas vistos
19,,mas vistos
21,,mas vistos
27,,mas vistos
33,,mas vistos
37,,mas vistos
39,,mas vistos
40,,mas vistos
41,,mas vistos
42,,mas vistos
43,,mas vistos
44,,mas vistos
47,,mas vistos
48,,mas vistos
53,,mas vistos
54,,mas vistos
60,,mas vistos
61,,mas vistos
62,,mas vistos
65,,mas vistos
66,,mas vistos
71,,mas vistos
72,,mas vistos
77,,mas vistos
78,,mas vistos
79,,mas vistos
83,,mas vistos
84,,mas vistos
89,,mas vistos
90,,mas vistos
96,,mas vistos
97,,mas vistos
98,,mas vistos
101,,mas vistos
102,,mas vistos
103,,mas vistos
104,,mas vistos
109,,mas vistos
110,,mas vistos
111,,mas vistos
112,,mas vistos
114,,mas vistos
115,,mas vistos
116,,mas vistos
119,,mas vistos
134,,mas vistos
135,,mas vistos
143,,mas vistos
148,,mas vistos
149,,mas vistos
150,,mas vistos
151,,mas vistos
152,,mas vistos
153,,mas vistos
154,,mas vistos
155,,mas vistos
161,,mas vistos
162,,mas vistos
163,,mas vistos
164,,mas vistos
165,,mas vistos
166,,mas vistos
167,,mas vistos
169,,mas vistos
170,,mas vistos
171,,mas vistos
172,,mas vistos
174,,mas vistos
175,,mas vistos
176,,mas vistos
177,,mas vistos
178,,mas vistos
179,,mas vistos
180,,mas vistos
181,,mas vistos
182,,mas vistos
183,,mas vistos
184,,mas vistos
185,,mas vistos
186,,mas vistos
187,,mas vistos
192,,mas vistos
193,,mas vistos
199,,mas vistos
200,,mas vistos
206,,mas vistos
207,,mas vistos
237,,mas vistos
238,,mas vistos
239,,mas vistos
240,,mas vistos
241,,mas vistos
242,,mas vistos
